{"layer_1": 90, "layer_2": 120, "dropout_1": 0.15000000000000002, "dropout_2": 0.15000000000000002, "tuner/epochs": 20, "tuner/initial_epoch": 7, "tuner/bracket": 2, "tuner/round": 2, "tuner/trial_id": "64a3f27d7b29a2ffe47c9801949982e1"}