{"layer_1": 60, "layer_2": 60, "dropout_1": 0.15000000000000002, "dropout_2": 0.15000000000000002, "tuner/epochs": 20, "tuner/initial_epoch": 7, "tuner/bracket": 1, "tuner/round": 1, "tuner/trial_id": "4cb93d3e36bc9f2c0bf14aba3018341b"}