{"fp_dense": 30, "layer_1": 90, "layer_2": 90, "l1_reg": 2e-05, "l2_reg": 3.0000000000000004e-05, "dropout_1": 0.15000000000000002, "dropout_2": 0.20000000000000004, "tuner/epochs": 30, "tuner/initial_epoch": 10, "tuner/bracket": 3, "tuner/round": 3, "tuner/trial_id": "0048"}