{"fp_dense": 120, "layer_1": 90, "layer_2": 60, "l1_reg": 0.0, "l2_reg": 4e-05, "dropout_1": 0.15000000000000002, "dropout_2": 0.15000000000000002, "tuner/epochs": 30, "tuner/initial_epoch": 10, "tuner/bracket": 3, "tuner/round": 3, "tuner/trial_id": "0046"}