{"fp_dense": 90, "layer_1": 120, "layer_2": 90, "l1_reg": 3.0000000000000004e-05, "l2_reg": 1e-05, "dropout_1": 0.15000000000000002, "dropout_2": 0.15000000000000002, "tuner/epochs": 30, "tuner/initial_epoch": 0, "tuner/bracket": 0, "tuner/round": 0}