{"fp_dense": 90, "layer_1": 120, "layer_2": 60, "l1_reg": 1e-05, "l2_reg": 3.0000000000000004e-05, "dropout_1": 0.20000000000000004, "dropout_2": 0.20000000000000004, "tuner/epochs": 30, "tuner/initial_epoch": 10, "tuner/bracket": 1, "tuner/round": 1, "tuner/trial_id": "0080"}